{
    "name": "root",
    "gauges": {
        "MoveAgent.Policy.Entropy.mean": {
            "value": 2.314075469970703,
            "min": 2.314075469970703,
            "max": 3.295771360397339,
            "count": 17
        },
        "MoveAgent.Policy.Entropy.sum": {
            "value": 46281.51171875,
            "min": 46281.51171875,
            "max": 66310.921875,
            "count": 17
        },
        "MoveAgent.Environment.EpisodeLength.mean": {
            "value": 0.14922458357265939,
            "min": 0.14922458357265939,
            "max": 4.659502262443439,
            "count": 17
        },
        "MoveAgent.Environment.EpisodeLength.sum": {
            "value": 2598.0,
            "min": 2598.0,
            "max": 16476.0,
            "count": 17
        },
        "MoveAgent.Self-play.ELO.mean": {
            "value": -95.97291363888495,
            "min": -95.97291363888495,
            "max": 1036.8880306353083,
            "count": 17
        },
        "MoveAgent.Self-play.ELO.sum": {
            "value": -835444.2132264934,
            "min": -835444.2132264934,
            "max": 2442024.3021003343,
            "count": 17
        },
        "MoveAgent.Step.mean": {
            "value": 169999.0,
            "min": 9995.0,
            "max": 169999.0,
            "count": 17
        },
        "MoveAgent.Step.sum": {
            "value": 169999.0,
            "min": 9995.0,
            "max": 169999.0,
            "count": 17
        },
        "MoveAgent.Policy.ExtrinsicBaselineEstimate.mean": {
            "value": -4.699184894561768,
            "min": -20.118375778198242,
            "max": 0.0750010758638382,
            "count": 17
        },
        "MoveAgent.Policy.ExtrinsicBaselineEstimate.sum": {
            "value": -40897.0078125,
            "min": -72166.859375,
            "max": 143.4005584716797,
            "count": 17
        },
        "MoveAgent.Policy.ExtrinsicValueEstimate.mean": {
            "value": -4.699184894561768,
            "min": -20.118375778198242,
            "max": 0.0750010758638382,
            "count": 17
        },
        "MoveAgent.Policy.ExtrinsicValueEstimate.sum": {
            "value": -40897.0078125,
            "min": -72166.859375,
            "max": 143.4005584716797,
            "count": 17
        },
        "MoveAgent.Environment.CumulativeReward.mean": {
            "value": -3.660232103872228,
            "min": -26.436579841449603,
            "max": -3.660232103872228,
            "count": 17
        },
        "MoveAgent.Environment.CumulativeReward.sum": {
            "value": -31855.0,
            "min": -46687.0,
            "max": -31855.0,
            "count": 17
        },
        "MoveAgent.Policy.ExtrinsicReward.mean": {
            "value": -3.660348959932324,
            "min": -26.439871387330484,
            "max": -3.660348959932324,
            "count": 17
        },
        "MoveAgent.Policy.ExtrinsicReward.sum": {
            "value": -31856.016998291016,
            "min": -46692.812870025635,
            "max": -31856.016998291016,
            "count": 17
        },
        "MoveAgent.Environment.GroupCumulativeReward.mean": {
            "value": -0.00011685626555842449,
            "min": -0.019208997269804007,
            "max": 0.012367326764538163,
            "count": 17
        },
        "MoveAgent.Environment.GroupCumulativeReward.sum": {
            "value": -1.0170000791549683,
            "min": -36.727602779865265,
            "max": 36.99759894609451,
            "count": 17
        },
        "MoveAgent.IsTraining.mean": {
            "value": 1.0,
            "min": 1.0,
            "max": 1.0,
            "count": 17
        },
        "MoveAgent.IsTraining.sum": {
            "value": 1.0,
            "min": 1.0,
            "max": 1.0,
            "count": 17
        },
        "MoveAgent.Losses.PolicyLoss.mean": {
            "value": 0.016297913802554832,
            "min": 0.016297913802554832,
            "max": 0.024383158849862713,
            "count": 8
        },
        "MoveAgent.Losses.PolicyLoss.sum": {
            "value": 0.016297913802554832,
            "min": 0.016297913802554832,
            "max": 0.024383158849862713,
            "count": 8
        },
        "MoveAgent.Losses.ValueLoss.mean": {
            "value": 18.911912314097087,
            "min": 18.911912314097087,
            "max": 800.6328002929688,
            "count": 8
        },
        "MoveAgent.Losses.ValueLoss.sum": {
            "value": 18.911912314097087,
            "min": 18.911912314097087,
            "max": 800.6328002929688,
            "count": 8
        },
        "MoveAgent.Losses.BaselineLoss.mean": {
            "value": 23.078455289204914,
            "min": 23.078455289204914,
            "max": 1319.000838216146,
            "count": 8
        },
        "MoveAgent.Losses.BaselineLoss.sum": {
            "value": 23.078455289204914,
            "min": 23.078455289204914,
            "max": 1319.000838216146,
            "count": 8
        },
        "MoveAgent.Policy.LearningRate.mean": {
            "value": 0.0003,
            "min": 0.0003,
            "max": 0.0003,
            "count": 8
        },
        "MoveAgent.Policy.LearningRate.sum": {
            "value": 0.0003,
            "min": 0.0003,
            "max": 0.0003,
            "count": 8
        },
        "MoveAgent.Policy.Epsilon.mean": {
            "value": 0.20000000000000007,
            "min": 0.20000000000000007,
            "max": 0.20000000000000007,
            "count": 8
        },
        "MoveAgent.Policy.Epsilon.sum": {
            "value": 0.20000000000000007,
            "min": 0.20000000000000007,
            "max": 0.20000000000000007,
            "count": 8
        },
        "MoveAgent.Policy.Beta.mean": {
            "value": 0.005000000000000001,
            "min": 0.005000000000000001,
            "max": 0.005000000000000001,
            "count": 8
        },
        "MoveAgent.Policy.Beta.sum": {
            "value": 0.005000000000000001,
            "min": 0.005000000000000001,
            "max": 0.005000000000000001,
            "count": 8
        }
    },
    "metadata": {
        "timer_format_version": "0.1.0",
        "start_time_seconds": "1693343601",
        "python_version": "3.7.16 (default, Jan 17 2023, 22:20:44) \n[GCC 11.2.0]",
        "command_line_arguments": "/home/ludwig/anaconda3/envs/pemrl/bin/mlagents-learn config/MoveAgent.yaml --run-id=DevTest200 --force",
        "mlagents_version": "0.28.0",
        "mlagents_envs_version": "0.28.0",
        "communication_protocol_version": "1.5.0",
        "pytorch_version": "1.8.2+cu111",
        "numpy_version": "1.21.6",
        "end_time_seconds": "1693343992"
    },
    "total": 391.30178583600014,
    "count": 1,
    "self": 0.001941805000342356,
    "children": {
        "run_training.setup": {
            "total": 0.006994105999865496,
            "count": 1,
            "self": 0.006994105999865496
        },
        "TrainerController.start_learning": {
            "total": 391.2928499249999,
            "count": 1,
            "self": 0.5240421050173154,
            "children": {
                "TrainerController._reset_env": {
                    "total": 5.084617748000028,
                    "count": 1,
                    "self": 5.084617748000028
                },
                "TrainerController.advance": {
                    "total": 385.61266274598256,
                    "count": 49699,
                    "self": 0.432261201004394,
                    "children": {
                        "env_step": {
                            "total": 212.47486660899722,
                            "count": 49699,
                            "self": 182.70634367902494,
                            "children": {
                                "SubprocessEnvManager._take_step": {
                                    "total": 29.537131896977144,