{
    "name": "root",
    "gauges": {
        "MoveAgent.Policy.Entropy.mean": {
            "value": 2.859161376953125,
            "min": 2.859161376953125,
            "max": 3.295773983001709,
            "count": 11
        },
        "MoveAgent.Policy.Entropy.sum": {
            "value": 57297.59375,
            "min": 57297.59375,
            "max": 66838.296875,
            "count": 11
        },
        "MoveAgent.Environment.EpisodeLength.mean": {
            "value": 0.6018266303477007,
            "min": 0.6018266303477007,
            "max": 4.501100110011001,
            "count": 11
        },
        "MoveAgent.Environment.EpisodeLength.sum": {
            "value": 7512.0,
            "min": 7512.0,
            "max": 16366.0,
            "count": 11
        },
        "MoveAgent.Self-play.ELO.mean": {
            "value": 316.22043780501286,
            "min": 316.22043780501286,
            "max": 1077.71657126422,
            "count": 11
        },
        "MoveAgent.Self-play.ELO.sum": {
            "value": 1973531.7523410853,
            "min": 1737002.70544489,
            "max": 2684816.1301137237,
            "count": 11
        },
        "MoveAgent.Step.mean": {
            "value": 109998.0,
            "min": 9999.0,
            "max": 109998.0,
            "count": 11
        },
        "MoveAgent.Step.sum": {
            "value": 109998.0,
            "min": 9999.0,
            "max": 109998.0,
            "count": 11
        },
        "MoveAgent.Policy.ExtrinsicBaselineEstimate.mean": {
            "value": -9.414631843566895,
            "min": -18.553199768066406,
            "max": 0.05120459944009781,
            "count": 11
        },
        "MoveAgent.Policy.ExtrinsicBaselineEstimate.sum": {
            "value": -58794.375,
            "min": -67861.40625,
            "max": 98.15632629394531,
            "count": 11
        },
        "MoveAgent.Policy.ExtrinsicValueEstimate.mean": {
            "value": -9.414631843566895,
            "min": -18.553199768066406,
            "max": 0.05120459944009781,
            "count": 11
        },
        "MoveAgent.Policy.ExtrinsicValueEstimate.sum": {
            "value": -58794.375,
            "min": -67861.40625,
            "max": 98.15632629394531,
            "count": 11
        },
        "MoveAgent.Environment.CumulativeReward.mean": {
            "value": -6.110328262610088,
            "min": -25.65162355531095,
            "max": -6.110328262610088,
            "count": 11
        },
        "MoveAgent.Environment.CumulativeReward.sum": {
            "value": -38159.0,
            "min": -46609.0,
            "max": -38159.0,
            "count": 11
        },
        "MoveAgent.Policy.ExtrinsicReward.mean": {
            "value": -6.098169702143551,
            "min": -25.348299155605318,
            "max": -6.098169702143551,
            "count": 11
        },
        "MoveAgent.Policy.ExtrinsicReward.sum": {
            "value": -38083.069789886475,
            "min": -46057.85956573486,
            "max": -38083.069789886475,
            "count": 11
        },
        "MoveAgent.Environment.GroupCumulativeReward.mean": {
            "value": 0.012158558853537298,
            "min": 0.012158558853537298,
            "max": 0.3033243821227557,
            "count": 11
        },
        "MoveAgent.Environment.GroupCumulativeReward.sum": {
            "value": 75.93020004034042,
            "min": 75.93020004034042,
            "max": 551.1404023170471,
            "count": 11
        },
        "MoveAgent.IsTraining.mean": {
            "value": 1.0,
            "min": 1.0,
            "max": 1.0,
            "count": 11
        },
        "MoveAgent.IsTraining.sum": {
            "value": 1.0,
            "min": 1.0,
            "max": 1.0,
            "count": 11
        },
        "MoveAgent.Losses.PolicyLoss.mean": {
            "value": 0.01712631822641318,
            "min": 0.01531728323510227,
            "max": 0.018564629215203847,
            "count": 5
        },
        "MoveAgent.Losses.PolicyLoss.sum": {
            "value": 0.01712631822641318,
            "min": 0.01531728323510227,
            "max": 0.018564629215203847,
            "count": 5
        },
        "MoveAgent.Losses.ValueLoss.mean": {
            "value": 164.5120071411133,
            "min": 164.5120071411133,
            "max": 672.1348459879557,
            "count": 5
        },
        "MoveAgent.Losses.ValueLoss.sum": {
            "value": 164.5120071411133,
            "min": 164.5120071411133,
            "max": 672.1348459879557,
            "count": 5
        },
        "MoveAgent.Losses.BaselineLoss.mean": {
            "value": 199.60108846028646,
            "min": 199.60108846028646,
            "max": 1125.9215291341145,
            "count": 5
        },
        "MoveAgent.Losses.BaselineLoss.sum": {
            "value": 199.60108846028646,
            "min": 199.60108846028646,
            "max": 1125.9215291341145,
            "count": 5
        },
        "MoveAgent.Policy.LearningRate.mean": {
            "value": 0.0003,
            "min": 0.0003,
            "max": 0.0003,
            "count": 5
        },
        "MoveAgent.Policy.LearningRate.sum": {
            "value": 0.0003,
            "min": 0.0003,
            "max": 0.0003,
            "count": 5
        },
        "MoveAgent.Policy.Epsilon.mean": {
            "value": 0.20000000000000007,
            "min": 0.20000000000000007,
            "max": 0.20000000000000007,
            "count": 5
        },
        "MoveAgent.Policy.Epsilon.sum": {
            "value": 0.20000000000000007,
            "min": 0.20000000000000007,
            "max": 0.20000000000000007,
            "count": 5
        },
        "MoveAgent.Policy.Beta.mean": {
            "value": 0.005000000000000001,
            "min": 0.005000000000000001,
            "max": 0.005000000000000001,
            "count": 5
        },
        "MoveAgent.Policy.Beta.sum": {
            "value": 0.005000000000000001,
            "min": 0.005000000000000001,
            "max": 0.005000000000000001,
            "count": 5
        }
    },
    "metadata": {
        "timer_format_version": "0.1.0",
        "start_time_seconds": "1693345253",
        "python_version": "3.7.16 (default, Jan 17 2023, 22:20:44) \n[GCC 11.2.0]",
        "command_line_arguments": "/home/ludwig/anaconda3/envs/pemrl/bin/mlagents-learn config/MoveAgent.yaml --run-id=DevTest202",
        "mlagents_version": "0.28.0",
        "mlagents_envs_version": "0.28.0",
        "communication_protocol_version": "1.5.0",
        "pytorch_version": "1.8.2+cu111",
        "numpy_version": "1.21.6",
        "end_time_seconds": "1693345675"
    },
    "total": 421.60559965200036,
    "count": 1,
    "self": 0.00220268400016721,
    "children": {
        "run_training.setup": {
            "total": 0.007466647999990528,
            "count": 1,
            "self": 0.007466647999990528
        },
        "TrainerController.start_learning": {
            "total": 421.5959303200002,
            "count": 1,
            "self": 0.4611545449811274,
            "children": {
                "TrainerController._reset_env": {
                    "total": 11.23725500699993,
                    "count": 1,
                    "self": 11.23725500699993
                },
                "TrainerController.advance": {
                    "total": 409.8126351520191,
                    "count": 33250,
                    "self": 0.3454837700205644,
                    "children": {
                        "env_step": {
                            "total": 241.33239745201217,
                            "count": 33250,
                            "self": 202.4537799989721,
                            "children": {
                                "SubprocessEnvManager._take_step": {
                                    "total": 38.669379071041476,
                                    "count": 33250,