{
    "name": "root",
    "metadata": {
        "timer_format_version": "0.1.0",
        "start_time_seconds": "1693286249",
        "python_version": "3.7.16 (default, Jan 17 2023, 22:20:44) \n[GCC 11.2.0]",
        "command_line_arguments": "/home/ludwig/anaconda3/envs/pemrl/bin/mlagents-learn config/MoveAgent.yaml --run-id=DevTest112",
        "mlagents_version": "0.28.0",
        "mlagents_envs_version": "0.28.0",
        "communication_protocol_version": "1.5.0",
        "pytorch_version": "1.8.2+cu111",
        "numpy_version": "1.21.6",
        "end_time_seconds": "1693286279"
    },
    "total": 29.619847641006345,
    "count": 1,
    "self": 0.0020545100269373506,
    "children": {
        "run_training.setup": {
            "total": 0.007209108996903524,
            "count": 1,
            "self": 0.007209108996903524
        },
        "TrainerController.start_learning": {
            "total": 29.610584021982504,
            "count": 1,
            "self": 0.0181329591141548,
            "children": {
                "TrainerController._reset_env": {
                    "total": 7.033899522997672,
                    "count": 1,
                    "self": 7.033899522997672
                },
                "TrainerController.advance": {
                    "total": 22.53630494387471,
                    "count": 2140,
                    "self": 0.01642677272320725,
                    "children": {
                        "env_step": {
                            "total": 12.078036245919066,
                            "count": 2140,
                            "self": 11.071015335182892,
                            "children": {
                                "SubprocessEnvManager._take_step": {
                                    "total": 0.99766069688485,
                                    "count": 2140,
                                    "self": 0.05304081551730633,
                                    "children": {
                                        "TorchPolicy.evaluate": {
                                            "total": 0.9446198813675437,
                                            "count": 2071,
                                            "self": 0.30125471932115033,
                                            "children": {
                                                "TorchPolicy.sample_actions": {
                                                    "total": 0.6433651620463934,
                                                    "count": 2071,
                                                    "self": 0.6433651620463934
                                                }
                                            }
                                        }
                                    }
                                },
                                "workers": {
                                    "total": 0.009360213851323351,
                                    "count": 2139,
                                    "self": 0.0,
                                    "children": {
                                        "worker_root": {
                                            "total": 28.1626111541118,
                                            "count": 2139,
                                            "is_parallel": true,
                                            "self": 19.342810401984025,
                                            "children": {
                                                "run_training.setup": {
                                                    "total": 0.0,
                                                    "count": 0,
                                                    "is_parallel": true,
                                                    "self": 0.0,
                                                    "children": {
                                                        "steps_from_proto": {
                                                            "total": 0.0004066630208399147,
                                                            "count": 1,
                                                            "is_parallel": true,
                                                            "self": 9.308202425017953e-05,
                                                            "children": {
                                                                "_process_rank_one_or_two_observation": {
                                                                    "total": 0.00031358099658973515,
                                                                    "count": 2,
                                                                    "is_parallel": true,
                                                                    "self": 0.00031358099658973515
                                                                }
                                                            }
                                                        },
                                                        "UnityEnvironment.step": {
                                                            "total": 0.04606990300817415,
                                                            "count": 1,
                                                            "is_parallel": true,
                                                            "self": 8.660298772156239e-05,
                                                            "children": {
                                                                "UnityEnvironment._generate_step_input": {
                                                                    "total": 0.00010668201139196754,
                                                                    "count": 1,
                                                                    "is_parallel": true,
                                                                    "self": 0.00010668201139196754
                                                                },
                                                                "communicator.exchange": {
                                                                    "total": 0.0456673150183633,
                                                                    "count": 1,
                                                                    "is_parallel": true,
                                                                    "self": 0.0456673150183633
                                                                },
                                                                "steps_from_proto": {
                                                                    "total": 0.00020930299069732428,
                                                                    "count": 1,
                                                                    "is_parallel": true,
                                                                    "self": 5.295497248880565e-05,
                                                                    "children": {
                                                                        "_process_rank_one_or_two_observation": {
                                                                            "total": 0.00015634801820851862,
                                                                            "count": 2,
                                                                            "is_parallel": true,