{
    "name": "root",
    "gauges": {
        "MoveAgent.Policy.Entropy.mean": {
            "value": 1.4177629947662354,
            "min": 1.4177629947662354,
            "max": 1.4177629947662354,
            "count": 1
        },
        "MoveAgent.Policy.Entropy.sum": {
            "value": 71228.4140625,
            "min": 71228.4140625,
            "max": 71228.4140625,
            "count": 1
        },
        "MoveAgent.Environment.EpisodeLength.mean": {
            "value": 19.443323727185398,
            "min": 19.443323727185398,
            "max": 19.443323727185398,
            "count": 1
        },
        "MoveAgent.Environment.EpisodeLength.sum": {
            "value": 40481.0,
            "min": 40481.0,
            "max": 40481.0,
            "count": 1
        },
        "MoveAgent.Step.mean": {
            "value": 49987.0,
            "min": 49987.0,
            "max": 49987.0,
            "count": 1
        },
        "MoveAgent.Step.sum": {
            "value": 49987.0,
            "min": 49987.0,
            "max": 49987.0,
            "count": 1
        },
        "MoveAgent.Policy.ExtrinsicValueEstimate.mean": {
            "value": 93.4215316772461,
            "min": 93.4215316772461,
            "max": 93.4215316772461,
            "count": 1
        },
        "MoveAgent.Policy.ExtrinsicValueEstimate.sum": {
            "value": 236356.484375,
            "min": 236356.484375,
            "max": 236356.484375,
            "count": 1
        },
        "MoveAgent.Environment.CumulativeReward.mean": {
            "value": -92.86887608069165,
            "min": -92.86887608069165,
            "max": -92.86887608069165,
            "count": 1
        },
        "MoveAgent.Environment.CumulativeReward.sum": {
            "value": -193353.0,
            "min": -193353.0,
            "max": -193353.0,
            "count": 1
        },
        "MoveAgent.Policy.ExtrinsicReward.mean": {
            "value": -92.86887608069165,
            "min": -92.86887608069165,
            "max": -92.86887608069165,
            "count": 1
        },
        "MoveAgent.Policy.ExtrinsicReward.sum": {
            "value": -193353.0,
            "min": -193353.0,
            "max": -193353.0,
            "count": 1
        },
        "MoveAgent.Losses.PolicyLoss.mean": {
            "value": 0.031094768243686607,
            "min": 0.031094768243686607,
            "max": 0.031094768243686607,
            "count": 1
        },
        "MoveAgent.Losses.PolicyLoss.sum": {
            "value": 0.12437907297474643,
            "min": 0.12437907297474643,
            "max": 0.12437907297474643,
            "count": 1
        },
        "MoveAgent.Losses.ValueLoss.mean": {
            "value": 63825.24712727865,
            "min": 63825.24712727865,
            "max": 63825.24712727865,
            "count": 1
        },
        "MoveAgent.Losses.ValueLoss.sum": {
            "value": 255300.9885091146,
            "min": 255300.9885091146,
            "max": 255300.9885091146,
            "count": 1
        },
        "MoveAgent.Policy.LearningRate.mean": {
            "value": 0.00028458330513889997,
            "min": 0.00028458330513889997,
            "max": 0.00028458330513889997,
            "count": 1
        },
        "MoveAgent.Policy.LearningRate.sum": {
            "value": 0.0011383332205555999,
            "min": 0.0011383332205555999,
            "max": 0.0011383332205555999,
            "count": 1
        },
        "MoveAgent.Policy.Epsilon.mean": {
            "value": 0.1948611,
            "min": 0.1948611,
            "max": 0.1948611,
            "count": 1
        },
        "MoveAgent.Policy.Epsilon.sum": {
            "value": 0.7794444,
            "min": 0.7794444,
            "max": 0.7794444,
            "count": 1
        },
        "MoveAgent.Policy.Beta.mean": {
            "value": 0.00474356889,
            "min": 0.00474356889,
            "max": 0.00474356889,
            "count": 1
        },
        "MoveAgent.Policy.Beta.sum": {
            "value": 0.01897427556,
            "min": 0.01897427556,
            "max": 0.01897427556,
            "count": 1
        },
        "MoveAgent.IsTraining.mean": {
            "value": 1.0,
            "min": 1.0,
            "max": 1.0,
            "count": 1
        },
        "MoveAgent.IsTraining.sum": {
            "value": 1.0,
            "min": 1.0,
            "max": 1.0,
            "count": 1
        }
    },
    "metadata": {
        "timer_format_version": "0.1.0",
        "start_time_seconds": "1693127831",
        "python_version": "3.7.16 (default, Jan 17 2023, 22:20:44) \n[GCC 11.2.0]",
        "command_line_arguments": "/home/ludwig/anaconda3/envs/pemrl/bin/mlagents-learn --run-id=DevTest",
        "mlagents_version": "0.28.0",
        "mlagents_envs_version": "0.28.0",
        "communication_protocol_version": "1.5.0",
        "pytorch_version": "1.8.2+cu111",
        "numpy_version": "1.21.6",
        "end_time_seconds": "1693127940"
    },
    "total": 108.76037638998241,
    "count": 1,
    "self": 0.0018830079643521458,
    "children": {
        "run_training.setup": {
            "total": 0.007862692000344396,
            "count": 1,
            "self": 0.007862692000344396
        },
        "TrainerController.start_learning": {
            "total": 108.75063069001772,
            "count": 1,
            "self": 0.10245722663239576,
            "children": {
                "TrainerController._reset_env": {
                    "total": 10.155819787993096,
                    "count": 1,
                    "self": 10.155819787993096
                },
                "TrainerController.advance": {
                    "total": 98.4571778094105,
                    "count": 11723,
                    "self": 0.09008686774177477,
                    "children": {
                        "env_step": {
                            "total": 88.99928905256093,
                            "count": 11723,
                            "self": 84.8509122558171,
                            "children": {
                                "SubprocessEnvManager._take_step": {
                                    "total": 4.096627578430343,
                                    "count": 11723,
                                    "self": 0.23812467587413266,
                                    "children": {
                                        "TorchPolicy.evaluate": {
                                            "total": 3.8585029025562108,
                                            "count": 9061,
                                            "self": 1.571659521519905,
                                            "children": {
                                                "TorchPolicy.sample_actions": {
                                                    "total": 2.286843381036306,
                                                    "count": 9061,
                                                    "self": 2.286843381036306
                                                }
                                            }
                                        }
                                    }
                                },
                                "workers": {
                                    "total": 0.05174921831348911,
                                    "count": 11722,
                                    "self": 0.0,
                                    "children": {
                                        "worker_root": {
                                            "total": 48.5357026058482,
                                            "count": 11722,
                                            "is_parallel": true,
                                            "self": 27.82906430933508,