{
    "name": "root",
    "metadata": {
        "timer_format_version": "0.1.0",
        "start_time_seconds": "1693308006",
        "python_version": "3.7.9 (tags/v3.7.9:13c94747c7, Aug 17 2020, 18:58:18) [MSC v.1900 64 bit (AMD64)]",
        "command_line_arguments": "C:\\Users\\Martin\\AppData\\Local\\Programs\\Python\\Python37\\Scripts\\mlagents-learn config/MoveAgent.yaml --run-id=rayTest1 --force",
        "mlagents_version": "0.28.0",
        "mlagents_envs_version": "0.28.0",
        "communication_protocol_version": "1.5.0",
        "pytorch_version": "1.8.2+cpu",
        "numpy_version": "1.21.6",
        "end_time_seconds": "1693308105"
    },
    "total": 99.1203567,
    "count": 1,
    "self": 0.010123699999994074,
    "children": {
        "run_training.setup": {
            "total": 0.08545919999999985,
            "count": 1,
            "self": 0.08545919999999985
        },
        "TrainerController.start_learning": {
            "total": 99.0247738,
            "count": 1,
            "self": 0.07868899999991186,
            "children": {
                "TrainerController._reset_env": {
                    "total": 5.4626559,
                    "count": 1,
                    "self": 5.4626559
                },
                "TrainerController.advance": {
                    "total": 93.27914870000009,
                    "count": 3177,
                    "self": 0.08187360000010813,
                    "children": {
                        "env_step": {
                            "total": 92.56553219999998,
                            "count": 3177,
                            "self": 81.9033097000002,
                            "children": {
                                "SubprocessEnvManager._take_step": {
                                    "total": 10.613324499999873,
                                    "count": 3177,
                                    "self": 0.347760399999661,
                                    "children": {
                                        "TorchPolicy.evaluate": {
                                            "total": 10.265564100000212,
                                            "count": 6354,
                                            "self": 1.60889880000013,
                                            "children": {
                                                "TorchPolicy.sample_actions": {
                                                    "total": 8.656665300000082,
                                                    "count": 6354,
                                                    "self": 8.656665300000082
                                                }
                                            }
                                        }
                                    }
                                },
                                "workers": {
                                    "total": 0.04889799999990707,
                                    "count": 3176,
                                    "self": 0.0,
                                    "children": {
                                        "worker_root": {
                                            "total": 32.06997029999993,
                                            "count": 3176,
                                            "is_parallel": true,
                                            "self": 15.404760199999885,
                                            "children": {
                                                "steps_from_proto": {
                                                    "total": 0.0006231999999997129,
                                                    "count": 2,
                                                    "is_parallel": true,
                                                    "self": 0.00035939999999978767,
                                                    "children": {
                                                        "_process_rank_one_or_two_observation": {
                                                            "total": 0.0002637999999999252,
                                                            "count": 4,
                                                            "is_parallel": true,
                                                            "self": 0.0002637999999999252
                                                        }
                                                    }
                                                },
                                                "UnityEnvironment.step": {
                                                    "total": 16.664586900000046,
                                                    "count": 3176,
                                                    "is_parallel": true,
                                                    "self": 0.37963219999982556,
                                                    "children": {
                                                        "UnityEnvironment._generate_step_input": {
                                                            "total": 0.2839546999999749,
                                                            "count": 3176,
                                                            "is_parallel": true,
                                                            "self": 0.2839546999999749
                                                        },
                                                        "communicator.exchange": {
                                                            "total": 14.318055300000044,
                                                            "count": 3176,
                                                            "is_parallel": true,
                                                            "self": 14.318055300000044
                                                        },
                                                        "steps_from_proto": {
                                                            "total": 1.6829447000002045,
                                                            "count": 6352,
                                                            "is_parallel": true,
                                                            "self": 1.0835761000003439,
                                                            "children": {
                                                                "_process_rank_one_or_two_observation": {
                                                                    "total": 0.5993685999998606,
                                                                    "count": 12704,
                                                                    "is_parallel": true,
                                                                    "self": 0.5993685999998606
                                                                }
                                                            }
                                                        }
                                                    }
                                                }
                                            }
                                        }
                                    }
                                }
                            }
                        },
                        "trainer_advance": {
                            "total": 0.6317429000000088,
                            "count": 3176,
                            "self": 0.20127849999996528,
                            "children": {
                                "process_trajectory": {
                                    "total": 0.4304644000000435,
                                    "count": 3176,
                                    "self": 0.4304644000000435
                                }
                            }
                        }
                    }
                },