{
    "name": "root",
    "metadata": {
        "timer_format_version": "0.1.0",
        "start_time_seconds": "1693301811",
        "python_version": "3.7.9 (tags/v3.7.9:13c94747c7, Aug 17 2020, 18:58:18) [MSC v.1900 64 bit (AMD64)]",
        "command_line_arguments": "C:\\Users\\Martin\\AppData\\Local\\Programs\\Python\\Python37\\Scripts\\mlagents-learn config/MoveAgent.yaml --run-id=rayTest1 --force",
        "mlagents_version": "0.28.0",
        "mlagents_envs_version": "0.28.0",
        "communication_protocol_version": "1.5.0",
        "pytorch_version": "1.8.2+cpu",
        "numpy_version": "1.21.6",
        "end_time_seconds": "1693301841"
    },
    "total": 29.5687912,
    "count": 1,
    "self": 10.013264799999998,
    "children": {
        "run_training.setup": {
            "total": 0.08620309999999987,
            "count": 1,
            "self": 0.08620309999999987
        },
        "TrainerController.start_learning": {
            "total": 19.469323300000003,
            "count": 1,
            "self": 0.013933000000022844,
            "children": {
                "TrainerController._reset_env": {
                    "total": 8.032508400000001,
                    "count": 1,
                    "self": 8.032508400000001
                },
                "TrainerController.advance": {
                    "total": 11.196399099999974,
                    "count": 477,
                    "self": 0.011703099999960997,
                    "children": {
                        "env_step": {
                            "total": 9.979194399999987,
                            "count": 477,
                            "self": 8.490467500000033,
                            "children": {
                                "SubprocessEnvManager._take_step": {
                                    "total": 1.4815135999999587,
                                    "count": 478,
                                    "self": 0.05138659999996875,
                                    "children": {
                                        "TorchPolicy.evaluate": {
                                            "total": 1.43012699999999,
                                            "count": 956,
                                            "self": 0.2371058999999871,
                                            "children": {
                                                "TorchPolicy.sample_actions": {
                                                    "total": 1.1930211000000028,
                                                    "count": 956,
                                                    "self": 1.1930211000000028
                                                }
                                            }
                                        }
                                    }
                                },
                                "workers": {
                                    "total": 0.00721329999999476,
                                    "count": 476,
                                    "self": 0.0,
                                    "children": {
                                        "worker_root": {
                                            "total": 7.03667039999999,
                                            "count": 476,
                                            "is_parallel": true,
                                            "self": 3.308125899999962,
                                            "children": {
                                                "steps_from_proto": {
                                                    "total": 0.0012739999999995533,
                                                    "count": 4,
                                                    "is_parallel": true,
                                                    "self": 0.0007343999999989137,
                                                    "children": {
                                                        "_process_rank_one_or_two_observation": {
                                                            "total": 0.0005396000000006396,
                                                            "count": 8,
                                                            "is_parallel": true,
                                                            "self": 0.0005396000000006396
                                                        }
                                                    }
                                                },
                                                "UnityEnvironment.step": {
                                                    "total": 3.727270500000029,
                                                    "count": 476,
                                                    "is_parallel": true,
                                                    "self": 0.054409500000041966,
                                                    "children": {
                                                        "UnityEnvironment._generate_step_input": {
                                                            "total": 0.03957570000001098,
                                                            "count": 476,
                                                            "is_parallel": true,
                                                            "self": 0.03957570000001098
                                                        },
                                                        "communicator.exchange": {
                                                            "total": 3.3886533999999973,
                                                            "count": 476,
                                                            "is_parallel": true,
                                                            "self": 3.3886533999999973
                                                        },
                                                        "steps_from_proto": {
                                                            "total": 0.24463189999997859,
                                                            "count": 952,
                                                            "is_parallel": true,
                                                            "self": 0.15783079999999927,
                                                            "children": {
                                                                "_process_rank_one_or_two_observation": {
                                                                    "total": 0.08680109999997931,
                                                                    "count": 1904,
                                                                    "is_parallel": true,
                                                                    "self": 0.08680109999997931
                                                                }
                                                            }
                                                        }
                                                    }
                                                }
                                            }
                                        }
                                    }
                                }
                            }
                        },
                        "trainer_advance": {
                            "total": 1.2055016000000265,
                            "count": 476,
                            "self": 0.014511000000064556,
                            "children": {
                                "process_trajectory": {
                                    "total": 0.08194929999996248,
                                    "count": 476,
                                    "self": 0.08194929999996248
                                },