{"count":1,"self":18.4485904,"total":18.459091,"children":{"InitializeActuators":{"count":1,"self":0.00069699999999999992,"total":0.00069699999999999992,"children":null},"InitializeSensors":{"count":1,"self":0.00067099999999999994,"total":0.00067099999999999994,"children":null},"AgentSendState":{"count":885,"self":0.002035,"total":0.0041129999999999995,"children":{"CollectObservations":{"count":177,"self":0.001052,"total":0.001052,"children":null},"WriteActionMask":{"count":177,"self":0.00015099999999999998,"total":0.00015099999999999998,"children":null},"RequestDecision":{"count":177,"self":0.00087499999999999991,"total":0.00087499999999999991,"children":null}}},"DecideAction":{"count":885,"self":0.002108,"total":0.002108,"children":null},"AgentAct":{"count":885,"self":0.0025989999999999997,"total":0.0025989999999999997,"children":null}},"gauges":{},"metadata":{"timer_format_version":"0.1.0","start_time_seconds":"1693248278","unity_version":"2021.3.28f1","command_line_arguments":"\/home\/ludwig\/Unity\/Hub\/Editor\/2021.3.28f1\/Editor\/Unity -projectpath \/home\/ludwig\/Code\/PEMRL\/pem_rl_game\/ChessBrawl -useHub -hubIPC -cloudEnvironment production -licensingIpc LicenseClient-ludwig -hubSessionId e09e3ca8-82f0-4c2f-8bd0-e23b0367e5a1","communication_protocol_version":"1.5.0","com.unity.ml-agents_version":"2.0.1","scene_name":"SampleScene","end_time_seconds":"1693248297"}}