{"count":1,"self":17.5473152,"total":56.967484999999996,"children":{"InitializeActuators":{"count":20,"self":0.000798,"total":0.000798,"children":null},"InitializeSensors":{"count":20,"self":0.000669,"total":0.000669,"children":null},"AgentSendState":{"count":37067,"self":0.152856,"total":12.513957999999999,"children":{"CollectObservations":{"count":148280,"self":4.013286,"total":4.013286,"children":null},"WriteActionMask":{"count":148280,"self":0.030129999999999997,"total":0.030129999999999997,"children":null},"RequestDecision":{"count":148280,"self":0.12540199999999999,"total":8.317686,"children":{"AgentInfo.ToProto":{"count":148280,"self":0.127054,"total":8.192283999999999,"children":{"GenerateSensorData":{"count":148280,"self":8.065230399999999,"total":8.06523,"children":null}}}}}}},"DecideAction":{"count":37067,"self":26.5496064,"total":26.549605999999997,"children":null},"AgentAct":{"count":37067,"self":0.30388699999999996,"total":0.30388699999999996,"children":null},"AgentInfo.ToProto":{"count":600,"self":0.0013469999999999999,"total":0.050977999999999996,"children":{"GenerateSensorData":{"count":600,"self":0.049630999999999995,"total":0.049630999999999995,"children":null}}}},"gauges":{"MoveAgent.CumulativeReward":{"count":600,"max":523,"min":-100,"runningAverage":-85.231636,"value":-80,"weightedAverage":-87.89847}},"metadata":{"timer_format_version":"0.1.0","start_time_seconds":"1693141269","unity_version":"2021.3.28f1","command_line_arguments":"\/home\/ludwig\/Unity\/Hub\/Editor\/2021.3.28f1\/Editor\/Unity -projectpath \/home\/ludwig\/Code\/PEMRL\/pem_rl_game\/ChessBrawl -useHub -hubIPC -cloudEnvironment production -licensingIpc LicenseClient-ludwig -hubSessionId 2a73a8d9-aa0a-475e-b356-a08b0b30565b","communication_protocol_version":"1.5.0","com.unity.ml-agents_version":"2.0.1","scene_name":"SampleScene","end_time_seconds":"1693141326"}}