{
    "name": "root",
    "metadata": {
        "timer_format_version": "0.1.0",
        "start_time_seconds": "1693146709",
        "python_version": "3.7.16 (default, Jan 17 2023, 22:20:44) \n[GCC 11.2.0]",
        "command_line_arguments": "/home/ludwig/anaconda3/envs/pemrl/bin/mlagents-learn --run-id=DevTest5",
        "mlagents_version": "0.28.0",
        "mlagents_envs_version": "0.28.0",
        "communication_protocol_version": "1.5.0",
        "pytorch_version": "1.8.2+cu111",
        "numpy_version": "1.21.6",
        "end_time_seconds": "1693146784"
    },
    "total": 75.28248012000017,
    "count": 1,
    "self": 0.0025301850002961146,
    "children": {
        "run_training.setup": {
            "total": 0.0063322829998924135,
            "count": 1,
            "self": 0.0063322829998924135
        },
        "TrainerController.start_learning": {
            "total": 75.27361765199998,
            "count": 1,
            "self": 0.035988029004556665,
            "children": {
                "TrainerController._reset_env": {
                    "total": 4.59759507800004,
                    "count": 1,
                    "self": 4.59759507800004
                },
                "TrainerController.advance": {
                    "total": 70.6190815259954,
                    "count": 5187,
                    "self": 0.03488568200828013,
                    "children": {
                        "env_step": {
                            "total": 69.67630618899625,
                            "count": 5187,
                            "self": 67.58337921198881,
                            "children": {
                                "SubprocessEnvManager._take_step": {
                                    "total": 2.0721083860089493,
                                    "count": 5188,
                                    "self": 0.11574808801537984,
                                    "children": {
                                        "TorchPolicy.evaluate": {
                                            "total": 1.9563602979935695,
                                            "count": 5188,
                                            "self": 0.712583446999588,
                                            "children": {
                                                "TorchPolicy.sample_actions": {
                                                    "total": 1.2437768509939815,
                                                    "count": 5188,
                                                    "self": 1.2437768509939815
                                                }
                                            }
                                        }
                                    }
                                },
                                "workers": {
                                    "total": 0.020818590998487707,
                                    "count": 5186,
                                    "self": 0.0,
                                    "children": {
                                        "worker_root": {
                                            "total": 18.19184821400154,
                                            "count": 5186,
                                            "is_parallel": true,
                                            "self": 8.964716999003258,
                                            "children": {
                                                "run_training.setup": {
                                                    "total": 0.0,
                                                    "count": 0,
                                                    "is_parallel": true,
                                                    "self": 0.0,
                                                    "children": {
                                                        "steps_from_proto": {
                                                            "total": 0.0002987889999985782,
                                                            "count": 1,
                                                            "is_parallel": true,
                                                            "self": 8.896500003174879e-05,
                                                            "children": {
                                                                "_process_rank_one_or_two_observation": {
                                                                    "total": 0.00020982399996682943,
                                                                    "count": 2,
                                                                    "is_parallel": true,
                                                                    "self": 0.00020982399996682943
                                                                }
                                                            }
                                                        },
                                                        "UnityEnvironment.step": {
                                                            "total": 0.007979775999956473,
                                                            "count": 1,
                                                            "is_parallel": true,
                                                            "self": 4.463999971449084e-05,
                                                            "children": {
                                                                "UnityEnvironment._generate_step_input": {
                                                                    "total": 7.51860000036686e-05,
                                                                    "count": 1,
                                                                    "is_parallel": true,
                                                                    "self": 7.51860000036686e-05
                                                                },
                                                                "communicator.exchange": {
                                                                    "total": 0.00774507200003427,
                                                                    "count": 1,
                                                                    "is_parallel": true,
                                                                    "self": 0.00774507200003427
                                                                },
                                                                "steps_from_proto": {
                                                                    "total": 0.00011487800020404393,
                                                                    "count": 1,
                                                                    "is_parallel": true,
                                                                    "self": 5.759800023952266e-05,
                                                                    "children": {
                                                                        "_process_rank_one_or_two_observation": {
                                                                            "total": 5.7279999964521267e-05,
                                                                            "count": 2,
                                                                            "is_parallel": true,