{
    "name": "root",
    "metadata": {
        "timer_format_version": "0.1.0",
        "start_time_seconds": "1693287726",
        "python_version": "3.7.16 (default, Jan 17 2023, 22:20:44) \n[GCC 11.2.0]",
        "command_line_arguments": "/home/ludwig/anaconda3/envs/pemrl/bin/mlagents-learn config/MoveAgent.yaml --run-id=DevTest114",
        "mlagents_version": "0.28.0",
        "mlagents_envs_version": "0.28.0",
        "communication_protocol_version": "1.5.0",
        "pytorch_version": "1.8.2+cu111",
        "numpy_version": "1.21.6",
        "end_time_seconds": "1693287767"
    },
    "total": 41.50122311300947,
    "count": 1,
    "self": 0.0019452309934422374,
    "children": {
        "run_training.setup": {
            "total": 0.006905465008458123,
            "count": 1,
            "self": 0.006905465008458123
        },
        "TrainerController.start_learning": {
            "total": 41.49237241700757,
            "count": 1,
            "self": 0.008585720643168315,
            "children": {
                "TrainerController._reset_env": {
                    "total": 6.838137029990321,
                    "count": 1,
                    "self": 6.838137029990321
                },
                "TrainerController.advance": {
                    "total": 34.620470212365035,
                    "count": 1017,
                    "self": 0.007624664838658646,
                    "children": {
                        "env_step": {
                            "total": 29.48629861464724,
                            "count": 1017,
                            "self": 28.95030264442903,
                            "children": {
                                "SubprocessEnvManager._take_step": {
                                    "total": 0.5315365618444048,
                                    "count": 1017,
                                    "self": 0.02313524717465043,
                                    "children": {
                                        "TorchPolicy.evaluate": {
                                            "total": 0.5084013146697544,
                                            "count": 877,
                                            "self": 0.12340484035667032,
                                            "children": {
                                                "TorchPolicy.sample_actions": {
                                                    "total": 0.38499647431308404,
                                                    "count": 877,
                                                    "self": 0.38499647431308404
                                                }
                                            }
                                        }
                                    }
                                },
                                "workers": {
                                    "total": 0.004459408373804763,
                                    "count": 1016,
                                    "self": 0.0,
                                    "children": {
                                        "worker_root": {
                                            "total": 21.102659949247027,
                                            "count": 1016,
                                            "is_parallel": true,
                                            "self": 12.951596942381002,
                                            "children": {
                                                "run_training.setup": {
                                                    "total": 0.0,
                                                    "count": 0,
                                                    "is_parallel": true,
                                                    "self": 0.0,
                                                    "children": {
                                                        "steps_from_proto": {
                                                            "total": 0.0005795700126327574,
                                                            "count": 1,
                                                            "is_parallel": true,
                                                            "self": 0.00017057103104889393,
                                                            "children": {
                                                                "_process_rank_one_or_two_observation": {
                                                                    "total": 0.0004089989815838635,
                                                                    "count": 2,
                                                                    "is_parallel": true,
                                                                    "self": 0.0004089989815838635
                                                                }
                                                            }
                                                        },
                                                        "UnityEnvironment.step": {
                                                            "total": 0.049200625013327226,
                                                            "count": 1,
                                                            "is_parallel": true,
                                                            "self": 0.00010554003529250622,
                                                            "children": {
                                                                "UnityEnvironment._generate_step_input": {
                                                                    "total": 0.000209321005968377,
                                                                    "count": 1,
                                                                    "is_parallel": true,
                                                                    "self": 0.000209321005968377
                                                                },
                                                                "communicator.exchange": {
                                                                    "total": 0.048605010990286246,
                                                                    "count": 1,
                                                                    "is_parallel": true,
                                                                    "self": 0.048605010990286246
                                                                },
                                                                "steps_from_proto": {
                                                                    "total": 0.0002807529817800969,
                                                                    "count": 1,
                                                                    "is_parallel": true,
                                                                    "self": 0.00010297697735950351,
                                                                    "children": {
                                                                        "_process_rank_one_or_two_observation": {
                                                                            "total": 0.00017777600442059338,
                                                                            "count": 2,
                                                                            "is_parallel": true,