{
    "name": "root",
    "gauges": {
        "MoveAgent.Policy.Entropy.mean": {
            "value": 1.4060786962509155,
            "min": 1.4060786962509155,
            "max": 1.425466775894165,
            "count": 3
        },
        "MoveAgent.Policy.Entropy.sum": {
            "value": 70332.0546875,
            "min": 46042.578125,
            "max": 71063.765625,
            "count": 3
        },
        "MoveAgent.Environment.EpisodeLength.mean": {
            "value": 262.80357142857144,
            "min": 136.2090395480226,
            "max": 262.80357142857144,
            "count": 3
        },
        "MoveAgent.Environment.EpisodeLength.sum": {
            "value": 44151.0,
            "min": 24109.0,
            "max": 50920.0,
            "count": 3
        },
        "MoveAgent.Step.mean": {
            "value": 249942.0,
            "min": 149958.0,
            "max": 249942.0,
            "count": 3
        },
        "MoveAgent.Step.sum": {
            "value": 249942.0,
            "min": 149958.0,
            "max": 249942.0,
            "count": 3
        },
        "MoveAgent.Policy.ExtrinsicValueEstimate.mean": {
            "value": -19.824308395385742,
            "min": -19.824308395385742,
            "max": 1.0149551630020142,
            "count": 3
        },
        "MoveAgent.Policy.ExtrinsicValueEstimate.sum": {
            "value": -17266.97265625,
            "min": -17266.97265625,
            "max": 607.9581298828125,
            "count": 3
        },
        "MoveAgent.Environment.CumulativeReward.mean": {
            "value": -82.57142857142857,
            "min": -92.93785310734464,
            "max": -79.97014925373135,
            "count": 3
        },
        "MoveAgent.Environment.CumulativeReward.sum": {
            "value": -13872.0,
            "min": -16450.0,
            "max": -13872.0,
            "count": 3
        },
        "MoveAgent.Policy.ExtrinsicReward.mean": {
            "value": -82.57142857142857,
            "min": -92.93785310734464,
            "max": -79.97014925373135,
            "count": 3
        },
        "MoveAgent.Policy.ExtrinsicReward.sum": {
            "value": -13872.0,
            "min": -16450.0,
            "max": -13872.0,
            "count": 3
        },
        "MoveAgent.Losses.PolicyLoss.mean": {
            "value": 0.0217548254908373,
            "min": 0.0217548254908373,
            "max": 0.024517130913833778,
            "count": 3
        },
        "MoveAgent.Losses.PolicyLoss.sum": {
            "value": 0.10877412745418649,
            "min": 0.06919188542912404,
            "max": 0.10877412745418649,
            "count": 3
        },
        "MoveAgent.Losses.ValueLoss.mean": {
            "value": 165.50915323893227,
            "min": 165.50915323893227,
            "max": 400.72124345567494,
            "count": 3
        },
        "MoveAgent.Losses.ValueLoss.sum": {
            "value": 827.5457661946614,
            "min": 827.5457661946614,
            "max": 1202.1637303670248,
            "count": 3
        },
        "MoveAgent.Policy.LearningRate.mean": {
            "value": 0.00016747012417664002,
            "min": 0.00016747012417664002,
            "max": 0.00021677582774140002,
            "count": 3
        },
        "MoveAgent.Policy.LearningRate.sum": {
            "value": 0.0008373506208832002,
            "min": 0.0006503274832242,
            "max": 0.0008373506208832002,
            "count": 3
        },
        "MoveAgent.Policy.Epsilon.mean": {
            "value": 0.15582336000000002,
            "min": 0.15582336000000002,
            "max": 0.1722586,
            "count": 3
        },
        "MoveAgent.Policy.Epsilon.sum": {
            "value": 0.7791168000000002,
            "min": 0.5167758,
            "max": 0.7791168000000002,
            "count": 3
        },
        "MoveAgent.Policy.Beta.mean": {
            "value": 0.0027955856639999997,
            "min": 0.0027955856639999997,
            "max": 0.0036157041400000003,
            "count": 3
        },
        "MoveAgent.Policy.Beta.sum": {
            "value": 0.01397792832,
            "min": 0.01084711242,
            "max": 0.01397792832,
            "count": 3
        },
        "MoveAgent.IsTraining.mean": {
            "value": 1.0,
            "min": 1.0,
            "max": 1.0,
            "count": 3
        },
        "MoveAgent.IsTraining.sum": {
            "value": 1.0,
            "min": 1.0,
            "max": 1.0,
            "count": 3
        }
    },
    "metadata": {
        "timer_format_version": "0.1.0",
        "start_time_seconds": "1693141265",
        "python_version": "3.7.16 (default, Jan 17 2023, 22:20:44) \n[GCC 11.2.0]",
        "command_line_arguments": "/home/ludwig/anaconda3/envs/pemrl/bin/mlagents-learn --resume",
        "mlagents_version": "0.28.0",
        "mlagents_envs_version": "0.28.0",
        "communication_protocol_version": "1.5.0",
        "pytorch_version": "1.8.2+cu111",
        "numpy_version": "1.21.6",
        "end_time_seconds": "1693141333"
    },
    "total": 67.41705956601072,
    "count": 1,
    "self": 0.001962542999535799,
    "children": {
        "run_training.setup": {
            "total": 0.006713686976581812,
            "count": 1,
            "self": 0.006713686976581812
        },
        "TrainerController.start_learning": {
            "total": 67.4083833360346,
            "count": 1,
            "self": 0.06884156004525721,
            "children": {
                "TrainerController._reset_env": {
                    "total": 5.298826689017005,
                    "count": 1,
                    "self": 5.298826689017005
                },
                "TrainerController.advance": {
                    "total": 62.01728655397892,
                    "count": 7852,
                    "self": 0.06209233996924013,
                    "children": {
                        "env_step": {
                            "total": 49.73304738505976,
                            "count": 7852,
                            "self": 46.40823276655283,
                            "children": {
                                "SubprocessEnvManager._take_step": {
                                    "total": 3.289095568936318,
                                    "count": 7852,
                                    "self": 0.20418767194496468,
                                    "children": {
                                        "TorchPolicy.evaluate": {
                                            "total": 3.0849078969913535,
                                            "count": 7411,
                                            "self": 1.1969959349371493,
                                            "children": {
                                                "TorchPolicy.sample_actions": {
                                                    "total": 1.8879119620542042,
                                                    "count": 7411,
                                                    "self": 1.8879119620542042
                                                }
                                            }
                                        }
                                    }
                                },
                                "workers": {
                                    "total": 0.035719049570616335,
                                    "count": 7851,
                                    "self": 0.0,
                                    "children": {
                                        "worker_root": {
                                            "total": 60.57967387937242,
                                            "count": 7851,
                                            "is_parallel": true,
                                            "self": 24.637657873972785,