{
    "name": "root",
    "gauges": {
        "MoveAgent.Policy.Entropy.mean": {
            "value": 1.4340453147888184,
            "min": 1.4340453147888184,
            "max": 1.4340453147888184,
            "count": 1
        },
        "MoveAgent.Policy.Entropy.sum": {
            "value": 49761.37109375,
            "min": 49761.37109375,
            "max": 49761.37109375,
            "count": 1
        },
        "MoveAgent.Environment.EpisodeLength.mean": {
            "value": 12.676590538336052,
            "min": 12.676590538336052,
            "max": 12.676590538336052,
            "count": 1
        },
        "MoveAgent.Environment.EpisodeLength.sum": {
            "value": 31083.0,
            "min": 31083.0,
            "max": 31083.0,
            "count": 1
        },
        "MoveAgent.Step.mean": {
            "value": 99947.0,
            "min": 99947.0,
            "max": 99947.0,
            "count": 1
        },
        "MoveAgent.Step.sum": {
            "value": 99947.0,
            "min": 99947.0,
            "max": 99947.0,
            "count": 1
        },
        "MoveAgent.Policy.ExtrinsicValueEstimate.mean": {
            "value": -89.74815368652344,
            "min": -89.74815368652344,
            "max": -89.74815368652344,
            "count": 1
        },
        "MoveAgent.Policy.ExtrinsicValueEstimate.sum": {
            "value": -237024.875,
            "min": -237024.875,
            "max": -237024.875,
            "count": 1
        },
        "MoveAgent.Environment.CumulativeReward.mean": {
            "value": -102.19290375203916,
            "min": -102.19290375203916,
            "max": -102.19290375203916,
            "count": 1
        },
        "MoveAgent.Environment.CumulativeReward.sum": {
            "value": -250577.0,
            "min": -250577.0,
            "max": -250577.0,
            "count": 1
        },
        "MoveAgent.Policy.ExtrinsicReward.mean": {
            "value": -102.19290375203916,
            "min": -102.19290375203916,
            "max": -102.19290375203916,
            "count": 1
        },
        "MoveAgent.Policy.ExtrinsicReward.sum": {
            "value": -250577.0,
            "min": -250577.0,
            "max": -250577.0,
            "count": 1
        },
        "MoveAgent.Losses.PolicyLoss.mean": {
            "value": 0.020597401090587178,
            "min": 0.020597401090587178,
            "max": 0.020597401090587178,
            "count": 1
        },
        "MoveAgent.Losses.PolicyLoss.sum": {
            "value": 0.061792203271761534,
            "min": 0.061792203271761534,
            "max": 0.061792203271761534,
            "count": 1
        },
        "MoveAgent.Losses.ValueLoss.mean": {
            "value": 221.21622348361544,
            "min": 221.21622348361544,
            "max": 221.21622348361544,
            "count": 1
        },
        "MoveAgent.Losses.ValueLoss.sum": {
            "value": 663.6486704508463,
            "min": 663.6486704508463,
            "max": 663.6486704508463,
            "count": 1
        },
        "MoveAgent.Policy.LearningRate.mean": {
            "value": 0.00024829941723353326,
            "min": 0.00024829941723353326,
            "max": 0.00024829941723353326,
            "count": 1
        },
        "MoveAgent.Policy.LearningRate.sum": {
            "value": 0.0007448982517005998,
            "min": 0.0007448982517005998,
            "max": 0.0007448982517005998,
            "count": 1
        },
        "MoveAgent.Policy.Epsilon.mean": {
            "value": 0.18276646666666663,
            "min": 0.18276646666666663,
            "max": 0.18276646666666663,
            "count": 1
        },
        "MoveAgent.Policy.Epsilon.sum": {
            "value": 0.5482993999999999,
            "min": 0.5482993999999999,
            "max": 0.5482993999999999,
            "count": 1
        },
        "MoveAgent.Policy.Beta.mean": {
            "value": 0.004140046686666667,
            "min": 0.004140046686666667,
            "max": 0.004140046686666667,
            "count": 1
        },
        "MoveAgent.Policy.Beta.sum": {
            "value": 0.012420140060000001,
            "min": 0.012420140060000001,
            "max": 0.012420140060000001,
            "count": 1
        },
        "MoveAgent.IsTraining.mean": {
            "value": 1.0,
            "min": 1.0,
            "max": 1.0,
            "count": 1
        },
        "MoveAgent.IsTraining.sum": {
            "value": 1.0,
            "min": 1.0,
            "max": 1.0,
            "count": 1
        }
    },
    "metadata": {
        "timer_format_version": "0.1.0",
        "start_time_seconds": "1693135122",
        "python_version": "3.7.16 (default, Jan 17 2023, 22:20:44) \n[GCC 11.2.0]",
        "command_line_arguments": "/home/ludwig/anaconda3/envs/pemrl/bin/mlagents-learn --resume",
        "mlagents_version": "0.28.0",
        "mlagents_envs_version": "0.28.0",
        "communication_protocol_version": "1.5.0",
        "pytorch_version": "1.8.2+cu111",
        "numpy_version": "1.21.6",
        "end_time_seconds": "1693135205"
    },
    "total": 82.92119052400813,
    "count": 1,
    "self": 0.001909071987029165,
    "children": {
        "run_training.setup": {
            "total": 0.00684241100680083,
            "count": 1,
            "self": 0.00684241100680083
        },
        "TrainerController.start_learning": {
            "total": 82.9124390410143,
            "count": 1,
            "self": 0.045413443993311375,
            "children": {
                "TrainerController._reset_env": {
                    "total": 5.557936954020988,
                    "count": 1,
                    "self": 5.557936954020988
                },
                "TrainerController.advance": {
                    "total": 77.27758759702556,
                    "count": 5078,
                    "self": 0.03830173402093351,
                    "children": {
                        "env_step": {
                            "total": 71.20617068529828,
                            "count": 5078,
                            "self": 69.99004224821692,
                            "children": {
                                "SubprocessEnvManager._take_step": {
                                    "total": 1.1947303110500798,
                                    "count": 5078,
                                    "self": 0.07850353798130527,
                                    "children": {
                                        "TorchPolicy.evaluate": {
                                            "total": 1.1162267730687745,
                                            "count": 2651,
                                            "self": 0.3368001797934994,
                                            "children": {
                                                "TorchPolicy.sample_actions": {
                                                    "total": 0.7794265932752751,
                                                    "count": 2651,
                                                    "self": 0.7794265932752751
                                                }
                                            }
                                        }
                                    }
                                },
                                "workers": {
                                    "total": 0.021398126031272113,
                                    "count": 5077,
                                    "self": 0.0,
                                    "children": {
                                        "worker_root": {
                                            "total": 22.758555303385947,
                                            "count": 5077,
                                            "is_parallel": true,
                                            "self": 14.630711304489523,