{
    "name": "root",
    "metadata": {
        "timer_format_version": "0.1.0",
        "start_time_seconds": "1692904545",
        "python_version": "3.7.16 (default, Jan 17 2023, 22:20:44) \n[GCC 11.2.0]",
        "command_line_arguments": "/home/ludwig/anaconda3/envs/pemrl/bin/mlagents-learn",
        "mlagents_version": "0.28.0",
        "mlagents_envs_version": "0.28.0",
        "communication_protocol_version": "1.5.0",
        "pytorch_version": "1.8.2+cu111",
        "numpy_version": "1.21.6",
        "end_time_seconds": "1692904623"
    },
    "total": 78.34697095999582,
    "count": 1,
    "self": 0.0018471609946573153,
    "children": {
        "run_training.setup": {
            "total": 0.00756395400094334,
            "count": 1,
            "self": 0.00756395400094334
        },
        "TrainerController.start_learning": {
            "total": 78.33755984500021,
            "count": 1,
            "self": 0.020698071821243502,
            "children": {
                "TrainerController._reset_env": {
                    "total": 12.007410521000565,
                    "count": 1,
                    "self": 12.007410521000565
                },
                "TrainerController.advance": {
                    "total": 66.27405484917836,
                    "count": 2827,
                    "self": 0.01909494269057177,
                    "children": {
                        "env_step": {
                            "total": 66.14894387787353,
                            "count": 2827,
                            "self": 64.80923592689942,
                            "children": {
                                "SubprocessEnvManager._take_step": {
                                    "total": 1.3284798277964,
                                    "count": 2827,
                                    "self": 0.06164745768182911,
                                    "children": {
                                        "TorchPolicy.evaluate": {
                                            "total": 1.266832370114571,
                                            "count": 2817,
                                            "self": 0.4453113062918419,
                                            "children": {
                                                "TorchPolicy.sample_actions": {
                                                    "total": 0.821521063822729,
                                                    "count": 2817,
                                                    "self": 0.821521063822729
                                                }
                                            }
                                        }
                                    }
                                },
                                "workers": {
                                    "total": 0.011228123177716043,
                                    "count": 2826,
                                    "self": 0.0,
                                    "children": {
                                        "worker_root": {
                                            "total": 18.200715598868555,
                                            "count": 2826,
                                            "is_parallel": true,
                                            "self": 14.181568699750642,
                                            "children": {
                                                "run_training.setup": {
                                                    "total": 0.0,
                                                    "count": 0,
                                                    "is_parallel": true,
                                                    "self": 0.0,
                                                    "children": {
                                                        "steps_from_proto": {
                                                            "total": 0.00030956699629314244,
                                                            "count": 1,
                                                            "is_parallel": true,
                                                            "self": 9.566499647917226e-05,
                                                            "children": {
                                                                "_process_rank_one_or_two_observation": {
                                                                    "total": 0.00021390199981397018,
                                                                    "count": 2,
                                                                    "is_parallel": true,
                                                                    "self": 0.00021390199981397018
                                                                }
                                                            }
                                                        },
                                                        "UnityEnvironment.step": {
                                                            "total": 0.007772839999233838,
                                                            "count": 1,
                                                            "is_parallel": true,
                                                            "self": 4.4145999709144235e-05,
                                                            "children": {
                                                                "UnityEnvironment._generate_step_input": {
                                                                    "total": 7.398099842248484e-05,
                                                                    "count": 1,
                                                                    "is_parallel": true,
                                                                    "self": 7.398099842248484e-05
                                                                },
                                                                "communicator.exchange": {
                                                                    "total": 0.007547449997218791,
                                                                    "count": 1,
                                                                    "is_parallel": true,
                                                                    "self": 0.007547449997218791
                                                                },
                                                                "steps_from_proto": {
                                                                    "total": 0.0001072630038834177,
                                                                    "count": 1,
                                                                    "is_parallel": true,
                                                                    "self": 5.07200020365417e-05,
                                                                    "children": {
                                                                        "_process_rank_one_or_two_observation": {
                                                                            "total": 5.6543001846875995e-05,
                                                                            "count": 2,
                                                                            "is_parallel": true,