{
    "name": "root",
    "metadata": {
        "timer_format_version": "0.1.0",
        "start_time_seconds": "1693083145",
        "python_version": "3.7.9 (tags/v3.7.9:13c94747c7, Aug 17 2020, 18:58:18) [MSC v.1900 64 bit (AMD64)]",
        "command_line_arguments": "C:\\Users\\Martin\\AppData\\Local\\Programs\\Python\\Python37\\Scripts\\mlagents-learn --force",
        "mlagents_version": "0.28.0",
        "mlagents_envs_version": "0.28.0",
        "communication_protocol_version": "1.5.0",
        "pytorch_version": "1.8.2+cpu",
        "numpy_version": "1.21.6",
        "end_time_seconds": "1693083259"
    },
    "total": 114.5242832,
    "count": 1,
    "self": 0.005717699999991055,
    "children": {
        "run_training.setup": {
            "total": 0.08446240000000005,
            "count": 1,
            "self": 0.08446240000000005
        },
        "TrainerController.start_learning": {
            "total": 114.4341031,
            "count": 1,
            "self": 0.33164879999978325,
            "children": {
                "TrainerController._reset_env": {
                    "total": 4.8501348,
                    "count": 1,
                    "self": 4.8501348
                },
                "TrainerController.advance": {
                    "total": 109.16439110000022,
                    "count": 11283,
                    "self": 0.3562895000006705,
                    "children": {
                        "env_step": {
                            "total": 104.10897509999981,
                            "count": 11283,
                            "self": 92.93351459999919,
                            "children": {
                                "SubprocessEnvManager._take_step": {
                                    "total": 10.962124500000233,
                                    "count": 11283,
                                    "self": 0.8680887000003441,
                                    "children": {
                                        "TorchPolicy.evaluate": {
                                            "total": 10.094035799999888,
                                            "count": 11241,
                                            "self": 2.094827499999745,
                                            "children": {
                                                "TorchPolicy.sample_actions": {
                                                    "total": 7.999208300000143,
                                                    "count": 11241,
                                                    "self": 7.999208300000143
                                                }
                                            }
                                        }
                                    }
                                },
                                "workers": {
                                    "total": 0.21333600000039254,
                                    "count": 11282,
                                    "self": 0.0,
                                    "children": {
                                        "worker_root": {
                                            "total": 95.5289819000001,
                                            "count": 11282,
                                            "is_parallel": true,
                                            "self": 29.54062950000005,
                                            "children": {
                                                "steps_from_proto": {
                                                    "total": 0.0002798000000003853,
                                                    "count": 1,
                                                    "is_parallel": true,
                                                    "self": 0.000124800000000036,
                                                    "children": {
                                                        "_process_rank_one_or_two_observation": {
                                                            "total": 0.0001550000000003493,
                                                            "count": 2,
                                                            "is_parallel": true,
                                                            "self": 0.0001550000000003493
                                                        }
                                                    }
                                                },
                                                "UnityEnvironment.step": {
                                                    "total": 65.98807260000005,
                                                    "count": 11282,
                                                    "is_parallel": true,
                                                    "self": 1.1132868999989398,
                                                    "children": {
                                                        "UnityEnvironment._generate_step_input": {
                                                            "total": 0.8404470000008013,
                                                            "count": 11282,
                                                            "is_parallel": true,
                                                            "self": 0.8404470000008013
                                                        },
                                                        "communicator.exchange": {
                                                            "total": 61.12952089999998,
                                                            "count": 11282,
                                                            "is_parallel": true,
                                                            "self": 61.12952089999998
                                                        },
                                                        "steps_from_proto": {
                                                            "total": 2.9048178000003277,
                                                            "count": 11282,
                                                            "is_parallel": true,
                                                            "self": 1.6729932999999493,
                                                            "children": {
                                                                "_process_rank_one_or_two_observation": {
                                                                    "total": 1.2318245000003785,
                                                                    "count": 22564,
                                                                    "is_parallel": true,
                                                                    "self": 1.2318245000003785
                                                                }
                                                            }
                                                        }
                                                    }
                                                }
                                            }
                                        }
                                    }
                                }
                            }
                        },
                        "trainer_advance": {
                            "total": 4.699126499999733,
                            "count": 11282,
                            "self": 0.39812099999999706,
                            "children": {
                                "process_trajectory": {
                                    "total": 1.2570872999997285,
                                    "count": 11282,
                                    "self": 1.2570872999997285
                                },
                                "_update_policy": {
                                    "total": 3.0439182000000073,