{
    "name": "root",
    "metadata": {
        "timer_format_version": "0.1.0",
        "start_time_seconds": "1693085266",
        "python_version": "3.7.9 (tags/v3.7.9:13c94747c7, Aug 17 2020, 18:58:18) [MSC v.1900 64 bit (AMD64)]",
        "command_line_arguments": "C:\\Users\\Martin\\AppData\\Local\\Programs\\Python\\Python37\\Scripts\\mlagents-learn --force",
        "mlagents_version": "0.28.0",
        "mlagents_envs_version": "0.28.0",
        "communication_protocol_version": "1.5.0",
        "pytorch_version": "1.8.2+cpu",
        "numpy_version": "1.21.6",
        "end_time_seconds": "1693085429"
    },
    "total": 162.8573994,
    "count": 1,
    "self": 0.005575199999981351,
    "children": {
        "run_training.setup": {
            "total": 0.08604409999999985,
            "count": 1,
            "self": 0.08604409999999985
        },
        "TrainerController.start_learning": {
            "total": 162.7657801,
            "count": 1,
            "self": 0.41398179999987406,
            "children": {
                "TrainerController._reset_env": {
                    "total": 5.1409868,
                    "count": 1,
                    "self": 5.1409868
                },
                "TrainerController.advance": {
                    "total": 157.12008200000014,
                    "count": 10843,
                    "self": 0.44102779999911945,
                    "children": {
                        "env_step": {
                            "total": 151.5637857000005,
                            "count": 10843,
                            "self": 137.7130296999999,
                            "children": {
                                "SubprocessEnvManager._take_step": {
                                    "total": 13.580752500000088,
                                    "count": 10843,
                                    "self": 1.1201508999993628,
                                    "children": {
                                        "TorchPolicy.evaluate": {
                                            "total": 12.460601600000725,
                                            "count": 10831,
                                            "self": 2.6333166000005264,
                                            "children": {
                                                "TorchPolicy.sample_actions": {
                                                    "total": 9.827285000000199,
                                                    "count": 10831,
                                                    "self": 9.827285000000199
                                                }
                                            }
                                        }
                                    }
                                },
                                "workers": {
                                    "total": 0.2700035000004908,
                                    "count": 10842,
                                    "self": 0.0,
                                    "children": {
                                        "worker_root": {
                                            "total": 121.13005649999934,
                                            "count": 10842,
                                            "is_parallel": true,
                                            "self": 35.9645237999991,
                                            "children": {
                                                "steps_from_proto": {
                                                    "total": 0.00030399999999985994,
                                                    "count": 1,
                                                    "is_parallel": true,
                                                    "self": 0.0001315999999995654,
                                                    "children": {
                                                        "_process_rank_one_or_two_observation": {
                                                            "total": 0.00017240000000029454,
                                                            "count": 2,
                                                            "is_parallel": true,
                                                            "self": 0.00017240000000029454
                                                        }
                                                    }
                                                },
                                                "UnityEnvironment.step": {
                                                    "total": 85.16522870000024,
                                                    "count": 10842,
                                                    "is_parallel": true,
                                                    "self": 1.3752649000008716,
                                                    "children": {
                                                        "UnityEnvironment._generate_step_input": {
                                                            "total": 1.0467317999995815,
                                                            "count": 10842,
                                                            "is_parallel": true,
                                                            "self": 1.0467317999995815
                                                        },
                                                        "communicator.exchange": {
                                                            "total": 79.10011559999991,
                                                            "count": 10842,
                                                            "is_parallel": true,
                                                            "self": 79.10011559999991
                                                        },
                                                        "steps_from_proto": {
                                                            "total": 3.6431163999998777,
                                                            "count": 10842,
                                                            "is_parallel": true,
                                                            "self": 2.087264999998702,
                                                            "children": {
                                                                "_process_rank_one_or_two_observation": {
                                                                    "total": 1.5558514000011758,
                                                                    "count": 21684,
                                                                    "is_parallel": true,
                                                                    "self": 1.5558514000011758
                                                                }
                                                            }
                                                        }
                                                    }
                                                }
                                            }
                                        }
                                    }
                                }
                            }
                        },
                        "trainer_advance": {
                            "total": 5.115268500000522,
                            "count": 10842,
                            "self": 0.48117430000096206,
                            "children": {
                                "process_trajectory": {
                                    "total": 1.562450199999554,
                                    "count": 10842,
                                    "self": 1.562450199999554
                                },
                                "_update_policy": {
                                    "total": 3.0716440000000063,