{
    "name": "root",
    "metadata": {
        "timer_format_version": "0.1.0",
        "start_time_seconds": "1693147888",
        "python_version": "3.7.16 (default, Jan 17 2023, 22:20:44) \n[GCC 11.2.0]",
        "command_line_arguments": "/home/ludwig/anaconda3/envs/pemrl/bin/mlagents-learn --resume",
        "mlagents_version": "0.28.0",
        "mlagents_envs_version": "0.28.0",
        "communication_protocol_version": "1.5.0",
        "pytorch_version": "1.8.2+cu111",
        "numpy_version": "1.21.6",
        "end_time_seconds": "1693147897"
    },
    "total": 9.171257855000022,
    "count": 1,
    "self": 0.0024419200003649166,
    "children": {
        "run_training.setup": {
            "total": 0.0071762519996809715,
            "count": 1,
            "self": 0.0071762519996809715
        },
        "TrainerController.start_learning": {
            "total": 9.161639682999976,
            "count": 1,
            "self": 0.002393325004959479,
            "children": {
                "TrainerController._reset_env": {
                    "total": 4.738151737999942,
                    "count": 1,
                    "self": 4.738151737999942
                },
                "TrainerController.advance": {
                    "total": 4.401150558995141,
                    "count": 267,
                    "self": 0.002312162993803213,
                    "children": {
                        "env_step": {
                            "total": 3.9676836859975992,
                            "count": 267,
                            "self": 3.6778160889930405,
                            "children": {
                                "SubprocessEnvManager._take_step": {
                                    "total": 0.2886157319985614,
                                    "count": 267,
                                    "self": 0.008491290997426404,
                                    "children": {
                                        "TorchPolicy.evaluate": {
                                            "total": 0.280124441001135,
                                            "count": 256,
                                            "self": 0.04214073799721518,
                                            "children": {
                                                "TorchPolicy.sample_actions": {
                                                    "total": 0.2379837030039198,
                                                    "count": 256,
                                                    "self": 0.2379837030039198
                                                }
                                            }
                                        }
                                    }
                                },
                                "workers": {
                                    "total": 0.001251865005997388,
                                    "count": 267,
                                    "self": 0.0,
                                    "children": {
                                        "worker_root": {
                                            "total": 8.924395319002087,
                                            "count": 267,
                                            "is_parallel": true,
                                            "self": 5.472801924997839,
                                            "children": {
                                                "run_training.setup": {
                                                    "total": 0.0,
                                                    "count": 0,
                                                    "is_parallel": true,
                                                    "self": 0.0,
                                                    "children": {
                                                        "steps_from_proto": {
                                                            "total": 0.0005568940000557632,
                                                            "count": 1,
                                                            "is_parallel": true,
                                                            "self": 0.00010750299952633213,
                                                            "children": {
                                                                "_process_rank_one_or_two_observation": {
                                                                    "total": 0.00044939100052943104,
                                                                    "count": 2,
                                                                    "is_parallel": true,
                                                                    "self": 0.00044939100052943104
                                                                }
                                                            }
                                                        },
                                                        "UnityEnvironment.step": {
                                                            "total": 0.016281989000162866,
                                                            "count": 1,
                                                            "is_parallel": true,
                                                            "self": 0.00015437299998666276,
                                                            "children": {
                                                                "UnityEnvironment._generate_step_input": {
                                                                    "total": 0.00023945900011312915,
                                                                    "count": 1,
                                                                    "is_parallel": true,
                                                                    "self": 0.00023945900011312915
                                                                },
                                                                "communicator.exchange": {
                                                                    "total": 0.015513457999986713,
                                                                    "count": 1,
                                                                    "is_parallel": true,
                                                                    "self": 0.015513457999986713
                                                                },
                                                                "steps_from_proto": {
                                                                    "total": 0.0003746990000763617,
                                                                    "count": 1,
                                                                    "is_parallel": true,
                                                                    "self": 6.869899971206905e-05,
                                                                    "children": {
                                                                        "_process_rank_one_or_two_observation": {
                                                                            "total": 0.00030600000036429265,
                                                                            "count": 2,
                                                                            "is_parallel": true,