{
    "name": "root",
    "metadata": {
        "timer_format_version": "0.1.0",
        "start_time_seconds": "1693146486",
        "python_version": "3.7.16 (default, Jan 17 2023, 22:20:44) \n[GCC 11.2.0]",
        "command_line_arguments": "/home/ludwig/anaconda3/envs/pemrl/bin/mlagents-learn --run-id=DevTest2",
        "mlagents_version": "0.28.0",
        "mlagents_envs_version": "0.28.0",
        "communication_protocol_version": "1.5.0",
        "pytorch_version": "1.8.2+cu111",
        "numpy_version": "1.21.6",
        "end_time_seconds": "1693146583"
    },
    "total": 96.73561283899994,
    "count": 1,
    "self": 10.002031691000184,
    "children": {
        "run_training.setup": {
            "total": 0.006648641999845495,
            "count": 1,
            "self": 0.006648641999845495
        },
        "TrainerController.start_learning": {
            "total": 86.72693250599991,
            "count": 1,
            "self": 0.022483130002456164,
            "children": {
                "TrainerController._reset_env": {
                    "total": 52.773312928999985,
                    "count": 1,
                    "self": 52.773312928999985
                },
                "TrainerController.advance": {
                    "total": 33.90984415299749,
                    "count": 3161,
                    "self": 0.02124439997942318,
                    "children": {
                        "env_step": {
                            "total": 33.71718736801563,
                            "count": 3161,
                            "self": 32.327632490014594,
                            "children": {
                                "SubprocessEnvManager._take_step": {
                                    "total": 1.3769197650024125,
                                    "count": 3162,
                                    "self": 0.07101265900132603,
                                    "children": {
                                        "TorchPolicy.evaluate": {
                                            "total": 1.3059071060010865,
                                            "count": 3162,
                                            "self": 0.4500986529922102,
                                            "children": {
                                                "TorchPolicy.sample_actions": {
                                                    "total": 0.8558084530088763,
                                                    "count": 3162,
                                                    "self": 0.8558084530088763
                                                }
                                            }
                                        }
                                    }
                                },
                                "workers": {
                                    "total": 0.012635112998623299,
                                    "count": 3160,
                                    "self": 0.0,
                                    "children": {
                                        "worker_root": {
                                            "total": 62.28035420600145,
                                            "count": 3160,
                                            "is_parallel": true,
                                            "self": 55.20507746900739,
                                            "children": {
                                                "run_training.setup": {
                                                    "total": 0.0,
                                                    "count": 0,
                                                    "is_parallel": true,
                                                    "self": 0.0,
                                                    "children": {
                                                        "steps_from_proto": {
                                                            "total": 0.000305680999872493,
                                                            "count": 1,
                                                            "is_parallel": true,
                                                            "self": 8.726199985176208e-05,
                                                            "children": {
                                                                "_process_rank_one_or_two_observation": {
                                                                    "total": 0.0002184190000207309,
                                                                    "count": 2,
                                                                    "is_parallel": true,
                                                                    "self": 0.0002184190000207309
                                                                }
                                                            }
                                                        },
                                                        "UnityEnvironment.step": {
                                                            "total": 0.010033674999931463,
                                                            "count": 1,
                                                            "is_parallel": true,
                                                            "self": 4.5792000037181424e-05,
                                                            "children": {
                                                                "UnityEnvironment._generate_step_input": {
                                                                    "total": 8.000399998309149e-05,
                                                                    "count": 1,
                                                                    "is_parallel": true,
                                                                    "self": 8.000399998309149e-05
                                                                },
                                                                "communicator.exchange": {
                                                                    "total": 0.009800153000014689,
                                                                    "count": 1,
                                                                    "is_parallel": true,
                                                                    "self": 0.009800153000014689
                                                                },
                                                                "steps_from_proto": {
                                                                    "total": 0.00010772599989650189,
                                                                    "count": 1,
                                                                    "is_parallel": true,
                                                                    "self": 5.03989999742771e-05,
                                                                    "children": {
                                                                        "_process_rank_one_or_two_observation": {
                                                                            "total": 5.7326999922224786e-05,
                                                                            "count": 2,
                                                                            "is_parallel": true,