{
    "name": "root",
    "gauges": {
        "MoveAgent.Policy.Entropy.mean": {
            "value": 1.5133062601089478,
            "min": 1.3952032327651978,
            "max": 1.531911015510559,
            "count": 13
        },
        "MoveAgent.Policy.Entropy.sum": {
            "value": 75635.046875,
            "min": 69815.96875,
            "max": 76656.828125,
            "count": 13
        },
        "MoveAgent.Environment.EpisodeLength.mean": {
            "value": 1026.8222222222223,
            "min": 68.51869158878505,
            "max": 1026.8222222222223,
            "count": 13
        },
        "MoveAgent.Environment.EpisodeLength.sum": {
            "value": 46207.0,
            "min": 41386.0,
            "max": 46915.0,
            "count": 13
        },
        "MoveAgent.Step.mean": {
            "value": 649990.0,
            "min": 49943.0,
            "max": 649990.0,
            "count": 13
        },
        "MoveAgent.Step.sum": {
            "value": 649990.0,
            "min": 49943.0,
            "max": 649990.0,
            "count": 13
        },
        "MoveAgent.Policy.ExtrinsicValueEstimate.mean": {
            "value": 1.2569514513015747,
            "min": -93.82535552978516,
            "max": 308.53515625,
            "count": 13
        },
        "MoveAgent.Policy.ExtrinsicValueEstimate.sum": {
            "value": 1014.35986328125,
            "min": -105365.875,
            "max": 289097.4375,
            "count": 13
        },
        "MoveAgent.Environment.CumulativeReward.mean": {
            "value": 6.938888487219811,
            "min": -5.910517838057191,
            "max": 17.77129551043941,
            "count": 13
        },
        "MoveAgent.Environment.CumulativeReward.sum": {
            "value": 312.2499819248915,
            "min": -1826.350011959672,
            "max": 959.6499575637281,
            "count": 13
        },
        "MoveAgent.Policy.ExtrinsicReward.mean": {
            "value": 6.938888487219811,
            "min": -5.910517838057191,
            "max": 17.77129551043941,
            "count": 13
        },
        "MoveAgent.Policy.ExtrinsicReward.sum": {
            "value": 312.2499819248915,
            "min": -1826.350011959672,
            "max": 959.6499575637281,
            "count": 13
        },
        "MoveAgent.Losses.PolicyLoss.mean": {
            "value": 0.2577145341223657,
            "min": 0.2525236774490044,
            "max": 0.28097949534306543,
            "count": 13
        },
        "MoveAgent.Losses.PolicyLoss.sum": {
            "value": 97.93152296649897,
            "min": 93.50495929076804,
            "max": 104.86694894220933,
            "count": 13
        },
        "MoveAgent.Losses.ValueLoss.mean": {
            "value": 9.063297538267092,
            "min": 9.063297538267092,
            "max": 335109.99908449664,
            "count": 13
        },
        "MoveAgent.Losses.ValueLoss.sum": {
            "value": 3444.0530645414947,
            "min": 3444.0530645414947,
            "max": 125666249.65668623,
            "count": 13
        },
        "MoveAgent.Policy.LearningRate.mean": {
            "value": 0.00011256833616145263,
            "min": 0.00011256833616145263,
            "max": 0.0002923582970354241,
            "count": 13
        },
        "MoveAgent.Policy.LearningRate.sum": {
            "value": 0.042775967741352,
            "min": 0.042775967741352,
            "max": 0.11138851117049658,
            "count": 13
        },
        "MoveAgent.Policy.Epsilon.mean": {
            "value": 0.13752275789473686,
            "min": 0.13752275789473686,
            "max": 0.19745276482939633,
            "count": 13
        },
        "MoveAgent.Policy.Epsilon.sum": {
            "value": 52.25864800000001,
            "min": 52.25864800000001,
            "max": 75.2295034,
            "count": 13
        },
        "MoveAgent.Policy.Beta.mean": {
            "value": 0.0005000000000000001,
            "min": 0.0005000000000000001,
            "max": 0.0005000000000000001,
            "count": 13
        },
        "MoveAgent.Policy.Beta.sum": {
            "value": 0.19000000000000006,
            "min": 0.18300000000000005,
            "max": 0.19050000000000006,
            "count": 13
        },
        "MoveAgent.IsTraining.mean": {
            "value": 1.0,
            "min": 1.0,
            "max": 1.0,
            "count": 13
        },
        "MoveAgent.IsTraining.sum": {
            "value": 1.0,
            "min": 1.0,
            "max": 1.0,
            "count": 13
        }
    },
    "metadata": {
        "timer_format_version": "0.1.0",
        "start_time_seconds": "1693254084",
        "python_version": "3.7.16 (default, Jan 17 2023, 22:20:44) \n[GCC 11.2.0]",
        "command_line_arguments": "/home/ludwig/anaconda3/envs/pemrl/bin/mlagents-learn config/MoveAgent.yaml --run-id=DevTest107",
        "mlagents_version": "0.28.0",
        "mlagents_envs_version": "0.28.0",
        "communication_protocol_version": "1.5.0",
        "pytorch_version": "1.8.2+cu111",
        "numpy_version": "1.21.6",
        "end_time_seconds": "1693254826"
    },
    "total": 742.0380137880129,
    "count": 1,
    "self": 0.0017597540136193857,
    "children": {
        "run_training.setup": {
            "total": 0.006035375001374632,
            "count": 1,
            "self": 0.006035375001374632
        },
        "TrainerController.start_learning": {
            "total": 742.0302186589979,
            "count": 1,
            "self": 0.5875087525346316,
            "children": {
                "TrainerController._reset_env": {
                    "total": 9.689909038002952,
                    "count": 1,
                    "self": 9.689909038002952
                },
                "TrainerController.advance": {
                    "total": 731.7382774224534,
                    "count": 68903,
                    "self": 0.5418730332748964,
                    "children": {
                        "env_step": {
                            "total": 385.2768945635471,
                            "count": 68903,
                            "self": 357.95622035501583,
                            "children": {
                                "SubprocessEnvManager._take_step": {
                                    "total": 27.008130599875585,
                                    "count": 68903,
                                    "self": 1.7514936639781808,
                                    "children": {
                                        "TorchPolicy.evaluate": {
                                            "total": 25.256636935897404,
                                            "count": 67044,
                                            "self": 9.831481153087225,
                                            "children": {
                                                "TorchPolicy.sample_actions": {
                                                    "total": 15.42515578281018,
                                                    "count": 67044,
                                                    "self": 15.42515578281018
                                                }
                                            }
                                        }
                                    }
                                },
                                "workers": {
                                    "total": 0.3125436086556874,
                                    "count": 68902,
                                    "self": 0.0,
                                    "children": {
                                        "worker_root": {
                                            "total": 741.2716015196347,
                                            "count": 68902,
                                            "is_parallel": true,
                                            "self": 410.2131703823252,